genomeID,start1,end1,repeat,motif,GC_per,AT_per,length_of_motif,loci,length_of_ssr,category,country,year,length_genome,N_count,genome_GC_per,genomeID2,start2,end2,gene,ssr_position
EPI_ISL_13053218,138437,138491,18,ATC,33.3,66.7,3,(ATC)18,54,I (probable IIb A.1),DRC,1978,196967,0,33.09,EPI_ISL_13053218,138063,139613,OPG153,IN
EPI_ISL_13053218,138497,138515,6,ATC,33.3,66.7,3,(ATC)6,18,I (probable IIb A.1),DRC,1978,196967,0,33.09,EPI_ISL_13053218,138063,139613,OPG153,IN
EPI_ISL_13053218,149400,149416,5,ATG,33.3,66.7,3,(ATG)5,15,I (probable IIb A.1),DRC,1978,196967,0,33.09,EPI_ISL_13053218,149407,149997,OPG172,intersect_start
EPI_ISL_13053218,169440,169581,23,GATACA,33.3,66.7,6,(GATACA)23,138,I (probable IIb A.1),DRC,1978,196967,0,33.09,EPI_ISL_13053218,169396,169497,OPG197,intersect_stop
EPI_ISL_13053218,169440,169581,23,GATACA,33.3,66.7,6,(GATACA)23,138,I (probable IIb A.1),DRC,1978,196967,0,33.09,EPI_ISL_13053218,169525,169779,OPG197,intersect_start
EPI_ISL_13053218,174314,174331,2,GATGAA,33.3,66.7,6,(GATGAA)2,12,I (probable IIb A.1),DRC,1978,196967,0,33.09,EPI_ISL_13053218,174316,175371,OPG204,intersect_start
EPI_ISL_13053218,177631,177652,3,ATCTCA,33.3,66.7,6,(ATCTCA)3,18,I (probable IIb A.1),DRC,1978,196967,0,33.09,EPI_ISL_13053218,175440,177809,OPG205,IN
EPI_ISL_13056233,138465,138519,18,ATC,33.3,66.7,3,(ATC)18,54,I (probable IIb A.1),DRC,2006,196440,0,33.1,EPI_ISL_13056233,138091,139641,OPG153,IN
EPI_ISL_13056233,138525,138543,6,ATC,33.3,66.7,3,(ATC)6,18,I (probable IIb A.1),DRC,2006,196440,0,33.1,EPI_ISL_13056233,138091,139641,OPG153,IN
EPI_ISL_13056233,149428,149444,5,ATG,33.3,66.7,3,(ATG)5,15,I (probable IIb A.1),DRC,2006,196440,0,33.1,EPI_ISL_13056233,149435,150025,OPG172,intersect_start
EPI_ISL_13056233,169469,169610,23,GATACA,33.3,66.7,6,(GATACA)23,138,I (probable IIb A.1),DRC,2006,196440,0,33.1,EPI_ISL_13056233,169425,169526,OPG197,intersect_stop
EPI_ISL_13056233,169469,169610,23,GATACA,33.3,66.7,6,(GATACA)23,138,I (probable IIb A.1),DRC,2006,196440,0,33.1,EPI_ISL_13056233,169554,169808,OPG197,intersect_start
EPI_ISL_13056233,174327,174344,2,GATGAA,33.3,66.7,6,(GATGAA)2,12,I (probable IIb A.1),DRC,2006,196440,0,33.1,EPI_ISL_13056233,174329,175384,OPG204,intersect_start
EPI_ISL_13056233,177644,177665,3,ATCTCA,33.3,66.7,6,(ATCTCA)3,18,I (probable IIb A.1),DRC,2006,196440,0,33.1,EPI_ISL_13056233,175453,177822,OPG205,IN
EPI_ISL_13056234,138270,138339,23,ATC,33.3,66.7,3,(ATC)23,69,I (probable IIb A.1),DRC,2006,196740,0,33.09,EPI_ISL_13056234,137896,138312,OPG153,intersect_stop
EPI_ISL_13056234,138270,138339,23,ATC,33.3,66.7,3,(ATC)23,69,I (probable IIb A.1),DRC,2006,196740,0,33.09,EPI_ISL_13056234,138298,139458,OPG153,intersect_start
EPI_ISL_13056234,138345,138360,5,ATC,33.3,66.7,3,(ATC)5,15,I (probable IIb A.1),DRC,2006,196740,0,33.09,EPI_ISL_13056234,138298,139458,OPG153,IN
EPI_ISL_13056234,149225,149238,4,ATG,33.3,66.7,3,(ATG)4,12,I (probable IIb A.1),DRC,2006,196740,0,33.09,EPI_ISL_13056234,149229,149819,OPG172,intersect_start
EPI_ISL_13056234,169398,169432,5,GATACA,33.3,66.7,6,(GATACA)5,30,I (probable IIb A.1),DRC,2006,196740,0,33.09,EPI_ISL_13056234,169354,169627,OPG197,IN
EPI_ISL_13056234,169433,169449,2,AGATAC,33.3,66.7,6,(AGATAC)2,12,I (probable IIb A.1),DRC,2006,196740,0,33.09,EPI_ISL_13056234,169354,169627,OPG197,IN
EPI_ISL_13056234,174153,174170,2,GATGAA,33.3,66.7,6,(GATGAA)2,12,I (probable IIb A.1),DRC,2006,196740,0,33.09,EPI_ISL_13056234,174155,175210,OPG204,intersect_start
EPI_ISL_13056234,177470,177491,3,ATCTCA,33.3,66.7,6,(ATCTCA)3,18,I (probable IIb A.1),DRC,2006,196740,0,33.09,EPI_ISL_13056234,175279,177648,OPG205,IN
EPI_ISL_13056235,139163,139191,9,ATC,33.3,66.7,3,(ATC)9,27,I (probable IIb A.1),DRC,2006,198597,0,33.11,EPI_ISL_13056235,138789,140348,OPG153,IN
EPI_ISL_13056235,139192,139226,11,CAT,33.3,66.7,3,(CAT)11,33,I (probable IIb A.1),DRC,2006,198597,0,33.11,EPI_ISL_13056235,138789,140348,OPG153,IN
EPI_ISL_13056235,139232,139250,6,ATC,33.3,66.7,3,(ATC)6,18,I (probable IIb A.1),DRC,2006,198597,0,33.11,EPI_ISL_13056235,138789,140348,OPG153,IN
EPI_ISL_13056235,140047,140056,3,CAT,33.3,66.7,3,(CAT)3,9,I (probable IIb A.1),DRC,2006,198597,0,33.11,EPI_ISL_13056235,138789,140348,OPG153,IN
EPI_ISL_13056235,150134,150156,7,ATG,33.3,66.7,3,(ATG)7,21,I (probable IIb A.1),DRC,2006,198597,0,33.11,EPI_ISL_13056235,150147,150737,OPG172,intersect_start
EPI_ISL_13056235,170199,170376,29,GATACA,33.3,66.7,6,(GATACA)29,174,I (probable IIb A.1),DRC,2006,198597,0,33.11,EPI_ISL_13056235,170155,170256,OPG197,intersect_stop
EPI_ISL_13056235,170199,170376,29,GATACA,33.3,66.7,6,(GATACA)29,174,I (probable IIb A.1),DRC,2006,198597,0,33.11,EPI_ISL_13056235,170320,170574,OPG197,intersect_start
EPI_ISL_13056235,175092,175109,2,GATGAA,33.3,66.7,6,(GATGAA)2,12,I (probable IIb A.1),DRC,2006,198597,0,33.11,EPI_ISL_13056235,175094,176149,OPG204,intersect_start
EPI_ISL_13056235,178412,178433,3,ATCTCA,33.3,66.7,6,(ATCTCA)3,18,I (probable IIb A.1),DRC,2006,198597,0,33.11,EPI_ISL_13056235,176221,178590,OPG205,IN
EPI_ISL_13056237,139304,139332,9,ATC,33.3,66.7,3,(ATC)9,27,I (probable IIb A.1),DRC,2006,198877,0,33.11,EPI_ISL_13056237,138930,140489,OPG153,IN
EPI_ISL_13056237,139333,139367,11,CAT,33.3,66.7,3,(CAT)11,33,I (probable IIb A.1),DRC,2006,198877,0,33.11,EPI_ISL_13056237,138930,140489,OPG153,IN
EPI_ISL_13056237,139373,139391,6,ATC,33.3,66.7,3,(ATC)6,18,I (probable IIb A.1),DRC,2006,198877,0,33.11,EPI_ISL_13056237,138930,140489,OPG153,IN
EPI_ISL_13056237,140188,140197,3,CAT,33.3,66.7,3,(CAT)3,9,I (probable IIb A.1),DRC,2006,198877,0,33.11,EPI_ISL_13056237,138930,140489,OPG153,IN
EPI_ISL_13056237,150275,150297,7,ATG,33.3,66.7,3,(ATG)7,21,I (probable IIb A.1),DRC,2006,198877,0,33.11,EPI_ISL_13056237,150288,150878,OPG172,intersect_start
EPI_ISL_13056237,170340,170517,29,GATACA,33.3,66.7,6,(GATACA)29,174,I (probable IIb A.1),DRC,2006,198877,0,33.11,EPI_ISL_13056237,170296,170397,OPG197,intersect_stop
EPI_ISL_13056237,170340,170517,29,GATACA,33.3,66.7,6,(GATACA)29,174,I (probable IIb A.1),DRC,2006,198877,0,33.11,EPI_ISL_13056237,170461,170715,OPG197,intersect_start
EPI_ISL_13056237,175233,175250,2,GATGAA,33.3,66.7,6,(GATGAA)2,12,I (probable IIb A.1),DRC,2006,198877,0,33.11,EPI_ISL_13056237,175235,176290,OPG204,intersect_start
EPI_ISL_13056237,178553,178574,3,ATCTCA,33.3,66.7,6,(ATCTCA)3,18,I (probable IIb A.1),DRC,2006,198877,0,33.11,EPI_ISL_13056237,176362,178731,OPG205,IN
EPI_ISL_13056238,139234,139262,9,ATC,33.3,66.7,3,(ATC)9,27,I (probable IIb A.1),DRC,2006,198737,0,33.11,EPI_ISL_13056238,138860,140419,OPG153,IN
EPI_ISL_13056238,139263,139297,11,CAT,33.3,66.7,3,(CAT)11,33,I (probable IIb A.1),DRC,2006,198737,0,33.11,EPI_ISL_13056238,138860,140419,OPG153,IN
EPI_ISL_13056238,139303,139321,6,ATC,33.3,66.7,3,(ATC)6,18,I (probable IIb A.1),DRC,2006,198737,0,33.11,EPI_ISL_13056238,138860,140419,OPG153,IN
EPI_ISL_13056238,140118,140127,3,CAT,33.3,66.7,3,(CAT)3,9,I (probable IIb A.1),DRC,2006,198737,0,33.11,EPI_ISL_13056238,138860,140419,OPG153,IN
EPI_ISL_13056238,150205,150227,7,ATG,33.3,66.7,3,(ATG)7,21,I (probable IIb A.1),DRC,2006,198737,0,33.11,EPI_ISL_13056238,150218,150808,OPG172,intersect_start
EPI_ISL_13056238,170270,170447,29,GATACA,33.3,66.7,6,(GATACA)29,174,I (probable IIb A.1),DRC,2006,198737,0,33.11,EPI_ISL_13056238,170226,170327,OPG197,intersect_stop
EPI_ISL_13056238,170270,170447,29,GATACA,33.3,66.7,6,(GATACA)29,174,I (probable IIb A.1),DRC,2006,198737,0,33.11,EPI_ISL_13056238,170391,170645,OPG197,intersect_start
EPI_ISL_13056238,175163,175180,2,GATGAA,33.3,66.7,6,(GATGAA)2,12,I (probable IIb A.1),DRC,2006,198737,0,33.11,EPI_ISL_13056238,175165,176220,OPG204,intersect_start
EPI_ISL_13056238,178483,178504,3,ATCTCA,33.3,66.7,6,(ATCTCA)3,18,I (probable IIb A.1),DRC,2006,198737,0,33.11,EPI_ISL_13056238,176292,178661,OPG205,IN
EPI_ISL_13056239,138682,138710,9,ATC,33.3,66.7,3,(ATC)9,27,I (probable IIb A.1),DRC,2006,197627,0,33.09,EPI_ISL_13056239,138308,139867,OPG153,IN
EPI_ISL_13056239,138711,138745,11,CAT,33.3,66.7,3,(CAT)11,33,I (probable IIb A.1),DRC,2006,197627,0,33.09,EPI_ISL_13056239,138308,139867,OPG153,IN
EPI_ISL_13056239,138751,138769,6,ATC,33.3,66.7,3,(ATC)6,18,I (probable IIb A.1),DRC,2006,197627,0,33.09,EPI_ISL_13056239,138308,139867,OPG153,IN
EPI_ISL_13056239,139566,139575,3,CAT,33.3,66.7,3,(CAT)3,9,I (probable IIb A.1),DRC,2006,197627,0,33.09,EPI_ISL_13056239,138308,139867,OPG153,IN
EPI_ISL_13056239,149653,149675,7,ATG,33.3,66.7,3,(ATG)7,21,I (probable IIb A.1),DRC,2006,197627,0,33.09,EPI_ISL_13056239,149666,150256,OPG172,intersect_start
EPI_ISL_13056239,169721,169898,29,GATACA,33.3,66.7,6,(GATACA)29,174,I (probable IIb A.1),DRC,2006,197627,0,33.09,EPI_ISL_13056239,169677,169778,OPG197,intersect_stop
EPI_ISL_13056239,169721,169898,29,GATACA,33.3,66.7,6,(GATACA)29,174,I (probable IIb A.1),DRC,2006,197627,0,33.09,EPI_ISL_13056239,169842,170096,OPG197,intersect_start
EPI_ISL_13056239,174615,174632,2,GATGAA,33.3,66.7,6,(GATGAA)2,12,I (probable IIb A.1),DRC,2006,197627,0,33.09,EPI_ISL_13056239,174617,175672,OPG204,intersect_start
EPI_ISL_13056239,177932,177953,3,ATCTCA,33.3,66.7,6,(ATCTCA)3,18,I (probable IIb A.1),DRC,2006,197627,0,33.09,EPI_ISL_13056239,175741,178110,OPG205,IN
EPI_ISL_13056240,138824,138852,9,ATC,33.3,66.7,3,(ATC)9,27,I (probable IIb A.1),DRC,2006,197910,0,33.1,EPI_ISL_13056240,138450,140009,OPG153,IN
EPI_ISL_13056240,138853,138887,11,CAT,33.3,66.7,3,(CAT)11,33,I (probable IIb A.1),DRC,2006,197910,0,33.1,EPI_ISL_13056240,138450,140009,OPG153,IN
EPI_ISL_13056240,138893,138911,6,ATC,33.3,66.7,3,(ATC)6,18,I (probable IIb A.1),DRC,2006,197910,0,33.1,EPI_ISL_13056240,138450,140009,OPG153,IN
EPI_ISL_13056240,139708,139717,3,CAT,33.3,66.7,3,(CAT)3,9,I (probable IIb A.1),DRC,2006,197910,0,33.1,EPI_ISL_13056240,138450,140009,OPG153,IN
EPI_ISL_13056240,149795,149817,7,ATG,33.3,66.7,3,(ATG)7,21,I (probable IIb A.1),DRC,2006,197910,0,33.1,EPI_ISL_13056240,149808,150398,OPG172,intersect_start
EPI_ISL_13056240,169864,170041,29,GATACA,33.3,66.7,6,(GATACA)29,174,I (probable IIb A.1),DRC,2006,197910,0,33.1,EPI_ISL_13056240,169820,169921,OPG197,intersect_stop
EPI_ISL_13056240,169864,170041,29,GATACA,33.3,66.7,6,(GATACA)29,174,I (probable IIb A.1),DRC,2006,197910,0,33.1,EPI_ISL_13056240,169985,170239,OPG197,intersect_start
EPI_ISL_13056240,174758,174775,2,GATGAA,33.3,66.7,6,(GATGAA)2,12,I (probable IIb A.1),DRC,2006,197910,0,33.1,EPI_ISL_13056240,174760,175815,OPG204,intersect_start
EPI_ISL_13056240,178075,178096,3,ATCTCA,33.3,66.7,6,(ATCTCA)3,18,I (probable IIb A.1),DRC,2006,197910,0,33.1,EPI_ISL_13056240,175884,178253,OPG205,IN
EPI_ISL_13056241,138612,138640,9,ATC,33.3,66.7,3,(ATC)9,27,I (probable IIb A.1),DRC,2006,197488,0,33.09,EPI_ISL_13056241,138238,139797,OPG153,IN
EPI_ISL_13056241,138641,138675,11,CAT,33.3,66.7,3,(CAT)11,33,I (probable IIb A.1),DRC,2006,197488,0,33.09,EPI_ISL_13056241,138238,139797,OPG153,IN
EPI_ISL_13056241,138681,138699,6,ATC,33.3,66.7,3,(ATC)6,18,I (probable IIb A.1),DRC,2006,197488,0,33.09,EPI_ISL_13056241,138238,139797,OPG153,IN
EPI_ISL_13056241,139496,139505,3,CAT,33.3,66.7,3,(CAT)3,9,I (probable IIb A.1),DRC,2006,197488,0,33.09,EPI_ISL_13056241,138238,139797,OPG153,IN
EPI_ISL_13056241,149583,149605,7,ATG,33.3,66.7,3,(ATG)7,21,I (probable IIb A.1),DRC,2006,197488,0,33.09,EPI_ISL_13056241,149596,150186,OPG172,intersect_start
EPI_ISL_13056241,169652,169829,29,GATACA,33.3,66.7,6,(GATACA)29,174,I (probable IIb A.1),DRC,2006,197488,0,33.09,EPI_ISL_13056241,169608,169709,OPG197,intersect_stop
EPI_ISL_13056241,169652,169829,29,GATACA,33.3,66.7,6,(GATACA)29,174,I (probable IIb A.1),DRC,2006,197488,0,33.09,EPI_ISL_13056241,169773,170027,OPG197,intersect_start
EPI_ISL_13056241,174546,174563,2,GATGAA,33.3,66.7,6,(GATGAA)2,12,I (probable IIb A.1),DRC,2006,197488,0,33.09,EPI_ISL_13056241,174548,175603,OPG204,intersect_start
EPI_ISL_13056241,177863,177884,3,ATCTCA,33.3,66.7,6,(ATCTCA)3,18,I (probable IIb A.1),DRC,2006,197488,0,33.09,EPI_ISL_13056241,175672,178041,OPG205,IN
EPI_ISL_13056242,138686,138714,9,ATC,33.3,66.7,3,(ATC)9,27,I (probable IIb A.1),DRC,2006,197632,0,33.09,EPI_ISL_13056242,138312,139871,OPG153,IN
EPI_ISL_13056242,138715,138749,11,CAT,33.3,66.7,3,(CAT)11,33,I (probable IIb A.1),DRC,2006,197632,0,33.09,EPI_ISL_13056242,138312,139871,OPG153,IN
EPI_ISL_13056242,138755,138773,6,ATC,33.3,66.7,3,(ATC)6,18,I (probable IIb A.1),DRC,2006,197632,0,33.09,EPI_ISL_13056242,138312,139871,OPG153,IN
EPI_ISL_13056242,139570,139579,3,CAT,33.3,66.7,3,(CAT)3,9,I (probable IIb A.1),DRC,2006,197632,0,33.09,EPI_ISL_13056242,138312,139871,OPG153,IN
EPI_ISL_13056242,149657,149679,7,ATG,33.3,66.7,3,(ATG)7,21,I (probable IIb A.1),DRC,2006,197632,0,33.09,EPI_ISL_13056242,149670,150260,OPG172,intersect_start
EPI_ISL_13056242,169726,169903,29,GATACA,33.3,66.7,6,(GATACA)29,174,I (probable IIb A.1),DRC,2006,197632,0,33.09,EPI_ISL_13056242,169682,169783,OPG197,intersect_stop
EPI_ISL_13056242,169726,169903,29,GATACA,33.3,66.7,6,(GATACA)29,174,I (probable IIb A.1),DRC,2006,197632,0,33.09,EPI_ISL_13056242,169847,170101,OPG197,intersect_start
EPI_ISL_13056242,174620,174637,2,GATGAA,33.3,66.7,6,(GATGAA)2,12,I (probable IIb A.1),DRC,2006,197632,0,33.09,EPI_ISL_13056242,174622,175677,OPG204,intersect_start
EPI_ISL_13056242,177937,177958,3,ATCTCA,33.3,66.7,6,(ATCTCA)3,18,I (probable IIb A.1),DRC,2006,197632,0,33.09,EPI_ISL_13056242,175746,178115,OPG205,IN
EPI_ISL_13056243,138816,138885,23,ATC,33.3,66.7,3,(ATC)23,69,I,DRC,2006,197959,0,33.11,EPI_ISL_13056243,138442,138858,OPG153,intersect_stop
EPI_ISL_13056243,138816,138885,23,ATC,33.3,66.7,3,(ATC)23,69,I,DRC,2006,197959,0,33.11,EPI_ISL_13056243,138844,140004,OPG153,intersect_start
EPI_ISL_13056243,138891,138906,5,ATC,33.3,66.7,3,(ATC)5,15,I,DRC,2006,197959,0,33.11,EPI_ISL_13056243,138844,140004,OPG153,IN
EPI_ISL_13056243,149750,149766,5,ATG,33.3,66.7,3,(ATG)5,15,I,DRC,2006,197959,0,33.11,EPI_ISL_13056243,149757,150347,OPG172,intersect_start
EPI_ISL_13056243,169925,169959,5,GATACA,33.3,66.7,6,(GATACA)5,30,I,DRC,2006,197959,0,33.11,EPI_ISL_13056243,169881,170154,OPG197,IN
EPI_ISL_13056243,169960,169976,2,AGATAC,33.3,66.7,6,(AGATAC)2,12,I,DRC,2006,197959,0,33.11,EPI_ISL_13056243,169881,170154,OPG197,IN
EPI_ISL_13056243,174681,174698,2,GATGAA,33.3,66.7,6,(GATGAA)2,12,I,DRC,2006,197959,0,33.11,EPI_ISL_13056243,174683,175738,OPG204,intersect_start
EPI_ISL_13056243,177998,178019,3,ATCTCA,33.3,66.7,6,(ATCTCA)3,18,I,DRC,2006,197959,0,33.11,EPI_ISL_13056243,175807,178176,OPG205,IN
EPI_ISL_13056244,138270,138339,23,ATC,33.3,66.7,3,(ATC)23,69,I,DRC,2007,196740,0,33.09,EPI_ISL_13056244,137896,138312,OPG153,intersect_stop
EPI_ISL_13056244,138270,138339,23,ATC,33.3,66.7,3,(ATC)23,69,I,DRC,2007,196740,0,33.09,EPI_ISL_13056244,138298,139458,OPG153,intersect_start
EPI_ISL_13056244,138345,138360,5,ATC,33.3,66.7,3,(ATC)5,15,I,DRC,2007,196740,0,33.09,EPI_ISL_13056244,138298,139458,OPG153,IN
EPI_ISL_13056244,149225,149238,4,ATG,33.3,66.7,3,(ATG)4,12,I,DRC,2007,196740,0,33.09,EPI_ISL_13056244,149229,149819,OPG172,intersect_start
EPI_ISL_13056244,169398,169432,5,GATACA,33.3,66.7,6,(GATACA)5,30,I,DRC,2007,196740,0,33.09,EPI_ISL_13056244,169354,169627,OPG197,IN
EPI_ISL_13056244,169433,169449,2,AGATAC,33.3,66.7,6,(AGATAC)2,12,I,DRC,2007,196740,0,33.09,EPI_ISL_13056244,169354,169627,OPG197,IN
EPI_ISL_13056244,174153,174170,2,GATGAA,33.3,66.7,6,(GATGAA)2,12,I,DRC,2007,196740,0,33.09,EPI_ISL_13056244,174155,175210,OPG204,intersect_start
EPI_ISL_13056244,177470,177491,3,ATCTCA,33.3,66.7,6,(ATCTCA)3,18,I,DRC,2007,196740,0,33.09,EPI_ISL_13056244,175279,177648,OPG205,IN
EPI_ISL_13056245,138262,138331,23,ATC,33.3,66.7,3,(ATC)23,69,I (probable IIb A.1),DRC,2007,196732,0,33.09,EPI_ISL_13056245,137888,138304,OPG153,intersect_stop
EPI_ISL_13056245,138262,138331,23,ATC,33.3,66.7,3,(ATC)23,69,I (probable IIb A.1),DRC,2007,196732,0,33.09,EPI_ISL_13056245,138290,139450,OPG153,intersect_start
EPI_ISL_13056245,138337,138352,5,ATC,33.3,66.7,3,(ATC)5,15,I (probable IIb A.1),DRC,2007,196732,0,33.09,EPI_ISL_13056245,138290,139450,OPG153,IN
EPI_ISL_13056245,149217,149230,4,ATG,33.3,66.7,3,(ATG)4,12,I (probable IIb A.1),DRC,2007,196732,0,33.09,EPI_ISL_13056245,149221,149811,OPG172,intersect_start
EPI_ISL_13056245,169390,169424,5,GATACA,33.3,66.7,6,(GATACA)5,30,I (probable IIb A.1),DRC,2007,196732,0,33.09,EPI_ISL_13056245,169346,169619,OPG197,IN
EPI_ISL_13056245,169425,169441,2,AGATAC,33.3,66.7,6,(AGATAC)2,12,I (probable IIb A.1),DRC,2007,196732,0,33.09,EPI_ISL_13056245,169346,169619,OPG197,IN
EPI_ISL_13056245,174145,174162,2,GATGAA,33.3,66.7,6,(GATGAA)2,12,I (probable IIb A.1),DRC,2007,196732,0,33.09,EPI_ISL_13056245,174147,175202,OPG204,intersect_start
EPI_ISL_13056245,177462,177483,3,ATCTCA,33.3,66.7,6,(ATCTCA)3,18,I (probable IIb A.1),DRC,2007,196732,0,33.09,EPI_ISL_13056245,175271,177640,OPG205,IN
EPI_ISL_13056246,138261,138330,23,ATC,33.3,66.7,3,(ATC)23,69,I (probable IIb A.1),DRC,2007,196730,0,33.09,EPI_ISL_13056246,137887,138303,OPG153,intersect_stop
EPI_ISL_13056246,138261,138330,23,ATC,33.3,66.7,3,(ATC)23,69,I (probable IIb A.1),DRC,2007,196730,0,33.09,EPI_ISL_13056246,138289,139449,OPG153,intersect_start
EPI_ISL_13056246,138336,138351,5,ATC,33.3,66.7,3,(ATC)5,15,I (probable IIb A.1),DRC,2007,196730,0,33.09,EPI_ISL_13056246,138289,139449,OPG153,IN
EPI_ISL_13056246,149216,149229,4,ATG,33.3,66.7,3,(ATG)4,12,I (probable IIb A.1),DRC,2007,196730,0,33.09,EPI_ISL_13056246,149220,149810,OPG172,intersect_start
EPI_ISL_13056246,169389,169423,5,GATACA,33.3,66.7,6,(GATACA)5,30,I (probable IIb A.1),DRC,2007,196730,0,33.09,EPI_ISL_13056246,169345,169618,OPG197,IN
EPI_ISL_13056246,169424,169440,2,AGATAC,33.3,66.7,6,(AGATAC)2,12,I (probable IIb A.1),DRC,2007,196730,0,33.09,EPI_ISL_13056246,169345,169618,OPG197,IN
EPI_ISL_13056246,174144,174161,2,GATGAA,33.3,66.7,6,(GATGAA)2,12,I (probable IIb A.1),DRC,2007,196730,0,33.09,EPI_ISL_13056246,174146,175201,OPG204,intersect_start
EPI_ISL_13056246,177461,177482,3,ATCTCA,33.3,66.7,6,(ATCTCA)3,18,I (probable IIb A.1),DRC,2007,196730,0,33.09,EPI_ISL_13056246,175270,177639,OPG205,IN
EPI_ISL_13056247,138752,138780,9,ATC,33.3,66.7,3,(ATC)9,27,I (probable IIb A.1),DRC,2007,197767,0,33.1,EPI_ISL_13056247,138378,139937,OPG153,IN
EPI_ISL_13056247,138781,138815,11,CAT,33.3,66.7,3,(CAT)11,33,I (probable IIb A.1),DRC,2007,197767,0,33.1,EPI_ISL_13056247,138378,139937,OPG153,IN
EPI_ISL_13056247,138821,138839,6,ATC,33.3,66.7,3,(ATC)6,18,I (probable IIb A.1),DRC,2007,197767,0,33.1,EPI_ISL_13056247,138378,139937,OPG153,IN
EPI_ISL_13056247,139636,139645,3,CAT,33.3,66.7,3,(CAT)3,9,I (probable IIb A.1),DRC,2007,197767,0,33.1,EPI_ISL_13056247,138378,139937,OPG153,IN
EPI_ISL_13056247,149723,149745,7,ATG,33.3,66.7,3,(ATG)7,21,I (probable IIb A.1),DRC,2007,197767,0,33.1,EPI_ISL_13056247,149736,150326,OPG172,intersect_start
EPI_ISL_13056247,169791,169968,29,GATACA,33.3,66.7,6,(GATACA)29,174,I (probable IIb A.1),DRC,2007,197767,0,33.1,EPI_ISL_13056247,169747,169848,OPG197,intersect_stop
EPI_ISL_13056247,169791,169968,29,GATACA,33.3,66.7,6,(GATACA)29,174,I (probable IIb A.1),DRC,2007,197767,0,33.1,EPI_ISL_13056247,169912,170166,OPG197,intersect_start
EPI_ISL_13056247,174685,174702,2,GATGAA,33.3,66.7,6,(GATGAA)2,12,I (probable IIb A.1),DRC,2007,197767,0,33.1,EPI_ISL_13056247,174687,175742,OPG204,intersect_start
EPI_ISL_13056247,178002,178023,3,ATCTCA,33.3,66.7,6,(ATCTCA)3,18,I (probable IIb A.1),DRC,2007,197767,0,33.1,EPI_ISL_13056247,175811,178180,OPG205,IN
EPI_ISL_13056248,138540,138603,21,ATC,33.3,66.7,3,(ATC)21,63,I (probable IIb A.1),DRC,2007,197346,0,33.09,EPI_ISL_13056248,138166,139725,OPG153,IN
EPI_ISL_13056248,138609,138627,6,ATC,33.3,66.7,3,(ATC)6,18,I (probable IIb A.1),DRC,2007,197346,0,33.09,EPI_ISL_13056248,138166,139725,OPG153,IN
EPI_ISL_13056248,149511,149533,7,ATG,33.3,66.7,3,(ATG)7,21,I (probable IIb A.1),DRC,2007,197346,0,33.09,EPI_ISL_13056248,149524,150114,OPG172,intersect_start
EPI_ISL_13056248,169580,169757,29,GATACA,33.3,66.7,6,(GATACA)29,174,I (probable IIb A.1),DRC,2007,197346,0,33.09,EPI_ISL_13056248,169536,169637,OPG197,intersect_stop
EPI_ISL_13056248,169580,169757,29,GATACA,33.3,66.7,6,(GATACA)29,174,I (probable IIb A.1),DRC,2007,197346,0,33.09,EPI_ISL_13056248,169701,169955,OPG197,intersect_start
EPI_ISL_13056248,174474,174491,2,GATGAA,33.3,66.7,6,(GATGAA)2,12,I (probable IIb A.1),DRC,2007,197346,0,33.09,EPI_ISL_13056248,174476,175531,OPG204,intersect_start
EPI_ISL_13056248,177791,177812,3,ATCTCA,33.3,66.7,6,(ATCTCA)3,18,I (probable IIb A.1),DRC,2007,197346,0,33.09,EPI_ISL_13056248,175600,177969,OPG205,IN
EPI_ISL_13056249,138536,138590,18,ATC,33.3,66.7,3,(ATC)18,54,I (probable IIb A.1),DRC,2007,196581,0,33.1,EPI_ISL_13056249,138162,139712,OPG153,IN
EPI_ISL_13056249,138596,138614,6,ATC,33.3,66.7,3,(ATC)6,18,I (probable IIb A.1),DRC,2007,196581,0,33.1,EPI_ISL_13056249,138162,139712,OPG153,IN
EPI_ISL_13056249,149499,149515,5,ATG,33.3,66.7,3,(ATG)5,15,I (probable IIb A.1),DRC,2007,196581,0,33.1,EPI_ISL_13056249,149506,150096,OPG172,intersect_start
EPI_ISL_13056249,169541,169682,23,GATACA,33.3,66.7,6,(GATACA)23,138,I (probable IIb A.1),DRC,2007,196581,0,33.1,EPI_ISL_13056249,169497,169598,OPG197,intersect_stop
EPI_ISL_13056249,169541,169682,23,GATACA,33.3,66.7,6,(GATACA)23,138,I (probable IIb A.1),DRC,2007,196581,0,33.1,EPI_ISL_13056249,169626,169880,OPG197,intersect_start
EPI_ISL_13056249,174399,174416,2,GATGAA,33.3,66.7,6,(GATGAA)2,12,I (probable IIb A.1),DRC,2007,196581,0,33.1,EPI_ISL_13056249,174401,175456,OPG204,intersect_start
EPI_ISL_13056249,177716,177737,3,ATCTCA,33.3,66.7,6,(ATCTCA)3,18,I (probable IIb A.1),DRC,2007,196581,0,33.1,EPI_ISL_13056249,175525,177894,OPG205,IN
EPI_ISL_13056251,138821,138875,18,ATC,33.3,66.7,3,(ATC)18,54,I (probable IIb A.1),DRC,2007,197147,0,33.11,EPI_ISL_13056251,138447,139997,OPG153,IN
EPI_ISL_13056251,138881,138899,6,ATC,33.3,66.7,3,(ATC)6,18,I (probable IIb A.1),DRC,2007,197147,0,33.11,EPI_ISL_13056251,138447,139997,OPG153,IN
EPI_ISL_13056251,149785,149801,5,ATG,33.3,66.7,3,(ATG)5,15,I (probable IIb A.1),DRC,2007,197147,0,33.11,EPI_ISL_13056251,149792,150382,OPG172,intersect_start
EPI_ISL_13056251,169827,169968,23,GATACA,33.3,66.7,6,(GATACA)23,138,I (probable IIb A.1),DRC,2007,197147,0,33.11,EPI_ISL_13056251,169783,169884,OPG197,intersect_stop
EPI_ISL_13056251,169827,169968,23,GATACA,33.3,66.7,6,(GATACA)23,138,I (probable IIb A.1),DRC,2007,197147,0,33.11,EPI_ISL_13056251,169912,170166,OPG197,intersect_start
EPI_ISL_13056251,174685,174702,2,GATGAA,33.3,66.7,6,(GATGAA)2,12,I (probable IIb A.1),DRC,2007,197147,0,33.11,EPI_ISL_13056251,174687,175742,OPG204,intersect_start
EPI_ISL_13056251,178002,178023,3,ATCTCA,33.3,66.7,6,(ATCTCA)3,18,I (probable IIb A.1),DRC,2007,197147,0,33.11,EPI_ISL_13056251,175811,178180,OPG205,IN
EPI_ISL_13056252,138271,138340,23,ATC,33.3,66.7,3,(ATC)23,69,I (probable IIb A.1),DRC,2007,196747,0,33.09,EPI_ISL_13056252,137897,138313,OPG153,intersect_stop
EPI_ISL_13056252,138271,138340,23,ATC,33.3,66.7,3,(ATC)23,69,I (probable IIb A.1),DRC,2007,196747,0,33.09,EPI_ISL_13056252,138299,139459,OPG153,intersect_start
EPI_ISL_13056252,138346,138361,5,ATC,33.3,66.7,3,(ATC)5,15,I (probable IIb A.1),DRC,2007,196747,0,33.09,EPI_ISL_13056252,138299,139459,OPG153,IN
EPI_ISL_13056252,149226,149239,4,ATG,33.3,66.7,3,(ATG)4,12,I (probable IIb A.1),DRC,2007,196747,0,33.09,EPI_ISL_13056252,149230,149820,OPG172,intersect_start
EPI_ISL_13056252,169401,169435,5,GATACA,33.3,66.7,6,(GATACA)5,30,I (probable IIb A.1),DRC,2007,196747,0,33.09,EPI_ISL_13056252,169357,169630,OPG197,IN
EPI_ISL_13056252,169436,169452,2,AGATAC,33.3,66.7,6,(AGATAC)2,12,I (probable IIb A.1),DRC,2007,196747,0,33.09,EPI_ISL_13056252,169357,169630,OPG197,IN
EPI_ISL_13056252,174156,174173,2,GATGAA,33.3,66.7,6,(GATGAA)2,12,I (probable IIb A.1),DRC,2007,196747,0,33.09,EPI_ISL_13056252,174158,175213,OPG204,intersect_start
EPI_ISL_13056252,177473,177494,3,ATCTCA,33.3,66.7,6,(ATCTCA)3,18,I (probable IIb A.1),DRC,2007,196747,0,33.09,EPI_ISL_13056252,175282,177651,OPG205,IN
EPI_ISL_13056253,138542,138570,9,ATC,33.3,66.7,3,(ATC)9,27,I (probable IIb A.1),DRC,2007,197347,0,33.09,EPI_ISL_13056253,138168,139727,OPG153,IN
EPI_ISL_13056253,138571,138605,11,CAT,33.3,66.7,3,(CAT)11,33,I (probable IIb A.1),DRC,2007,197347,0,33.09,EPI_ISL_13056253,138168,139727,OPG153,IN
EPI_ISL_13056253,138611,138629,6,ATC,33.3,66.7,3,(ATC)6,18,I (probable IIb A.1),DRC,2007,197347,0,33.09,EPI_ISL_13056253,138168,139727,OPG153,IN
EPI_ISL_13056253,139426,139435,3,CAT,33.3,66.7,3,(CAT)3,9,I (probable IIb A.1),DRC,2007,197347,0,33.09,EPI_ISL_13056253,138168,139727,OPG153,IN
EPI_ISL_13056253,149512,149534,7,ATG,33.3,66.7,3,(ATG)7,21,I (probable IIb A.1),DRC,2007,197347,0,33.09,EPI_ISL_13056253,149525,150115,OPG172,intersect_start
EPI_ISL_13056253,169581,169758,29,GATACA,33.3,66.7,6,(GATACA)29,174,I (probable IIb A.1),DRC,2007,197347,0,33.09,EPI_ISL_13056253,169537,169638,OPG197,intersect_stop
EPI_ISL_13056253,169581,169758,29,GATACA,33.3,66.7,6,(GATACA)29,174,I (probable IIb A.1),DRC,2007,197347,0,33.09,EPI_ISL_13056253,169702,169956,OPG197,intersect_start
EPI_ISL_13056253,174475,174492,2,GATGAA,33.3,66.7,6,(GATGAA)2,12,I (probable IIb A.1),DRC,2007,197347,0,33.09,EPI_ISL_13056253,174477,175532,OPG204,intersect_start
EPI_ISL_13056253,177792,177813,3,ATCTCA,33.3,66.7,6,(ATCTCA)3,18,I (probable IIb A.1),DRC,2007,197347,0,33.09,EPI_ISL_13056253,175601,177970,OPG205,IN
EPI_ISL_13056254,138543,138606,21,ATC,33.3,66.7,3,(ATC)21,63,I (probable IIb A.1),DRC,2007,197488,0,33.09,EPI_ISL_13056254,138169,139728,OPG153,IN
EPI_ISL_13056254,138612,138630,6,ATC,33.3,66.7,3,(ATC)6,18,I (probable IIb A.1),DRC,2007,197488,0,33.09,EPI_ISL_13056254,138169,139728,OPG153,IN
EPI_ISL_13056254,149514,149536,7,ATG,33.3,66.7,3,(ATG)7,21,I (probable IIb A.1),DRC,2007,197488,0,33.09,EPI_ISL_13056254,149527,150117,OPG172,intersect_start
EPI_ISL_13056254,169582,169759,29,GATACA,33.3,66.7,6,(GATACA)29,174,I (probable IIb A.1),DRC,2007,197488,0,33.09,EPI_ISL_13056254,169538,169639,OPG197,intersect_stop
EPI_ISL_13056254,169582,169759,29,GATACA,33.3,66.7,6,(GATACA)29,174,I (probable IIb A.1),DRC,2007,197488,0,33.09,EPI_ISL_13056254,169703,169957,OPG197,intersect_start
EPI_ISL_13056254,174476,174493,2,GATGAA,33.3,66.7,6,(GATGAA)2,12,I (probable IIb A.1),DRC,2007,197488,0,33.09,EPI_ISL_13056254,174478,175533,OPG204,intersect_start
EPI_ISL_13056254,177793,177814,3,ATCTCA,33.3,66.7,6,(ATCTCA)3,18,I (probable IIb A.1),DRC,2007,197488,0,33.09,EPI_ISL_13056254,175602,177971,OPG205,IN
EPI_ISL_13056255,138681,138735,18,ATC,33.3,66.7,3,(ATC)18,54,I (probable IIb A.1),DRC,2007,196866,0,33.1,EPI_ISL_13056255,138307,139857,OPG153,IN
EPI_ISL_13056255,138741,138759,6,ATC,33.3,66.7,3,(ATC)6,18,I (probable IIb A.1),DRC,2007,196866,0,33.1,EPI_ISL_13056255,138307,139857,OPG153,IN
EPI_ISL_13056255,149644,149660,5,ATG,33.3,66.7,3,(ATG)5,15,I (probable IIb A.1),DRC,2007,196866,0,33.1,EPI_ISL_13056255,149651,150241,OPG172,intersect_start
EPI_ISL_13056255,169686,169827,23,GATACA,33.3,66.7,6,(GATACA)23,138,I (probable IIb A.1),DRC,2007,196866,0,33.1,EPI_ISL_13056255,169642,169743,OPG197,intersect_stop
EPI_ISL_13056255,169686,169827,23,GATACA,33.3,66.7,6,(GATACA)23,138,I (probable IIb A.1),DRC,2007,196866,0,33.1,EPI_ISL_13056255,169771,170025,OPG197,intersect_start
EPI_ISL_13056255,174544,174561,2,GATGAA,33.3,66.7,6,(GATGAA)2,12,I (probable IIb A.1),DRC,2007,196866,0,33.1,EPI_ISL_13056255,174546,175601,OPG204,intersect_start
EPI_ISL_13056255,177861,177882,3,ATCTCA,33.3,66.7,6,(ATCTCA)3,18,I (probable IIb A.1),DRC,2007,196866,0,33.1,EPI_ISL_13056255,175670,178039,OPG205,IN
NC_063383.1,136512,136554,14,ATC,33.3,66.7,3,(ATC)14,42,IIb B.1 (probable IIb B.1),Nigeria,2018,197209,0,33.03,NC_063383.1,136138,137667,OPG153,IN
NC_063383.1,136560,136569,3,ATC,33.3,66.7,3,(ATC)3,9,IIb B.1 (probable IIb B.1),Nigeria,2018,197209,0,33.03,NC_063383.1,136138,137667,OPG153,IN
NC_063383.1,137366,137375,3,CAT,33.3,66.7,3,(CAT)3,9,IIb B.1 (probable IIb B.1),Nigeria,2018,197209,0,33.03,NC_063383.1,136138,137667,OPG153,IN
NC_063383.1,147426,147436,3,ATG,33.3,66.7,3,(ATG)3,9,IIb B.1 (probable IIb B.1),Nigeria,2018,197209,0,33.03,NC_063383.1,147427,148017,OPG172,intersect_start
NC_063383.1,169721,169774,8,CAGATA,33.3,66.7,6,(CAGATA)8,48,IIb B.1 (probable IIb B.1),Nigeria,2018,197209,0,33.03,NC_063383.1,169670,169972,OPG197,IN
NC_063383.1,174518,174547,4,GATGAA,33.3,66.7,6,(GATGAA)4,24,IIb B.1 (probable IIb B.1),Nigeria,2018,197209,0,33.03,NC_063383.1,174532,175587,OPG204,intersect_start
EPI_ISL_13056284,169867,169914,7,CAGATA,33.3,66.7,6,(CAGATA)7,42,IIb B.1 (probable IIb B.1),Nigeria,2018,197547,0,33.0,EPI_ISL_13056284,169816,170112,OPG197,IN
EPI_ISL_13056556,138456,138486,10,ATC,33.3,66.7,3,(ATC)10,30,IIa (probable IIb A.1),USA,1962,199195,0,33.06,EPI_ISL_13056556,138082,139581,OPG153,IN
EPI_ISL_13056556,171576,171641,10,CAGATA,33.3,66.7,6,(CAGATA)10,60,IIa (probable IIb A.1),USA,1962,199195,0,33.06,EPI_ISL_13056556,171525,171845,OPG197,IN
EPI_ISL_13056556,176353,176370,2,GATGAA,33.3,66.7,6,(GATGAA)2,12,IIa (probable IIb A.1),USA,1962,199195,0,33.06,EPI_ISL_13056556,176355,177410,OPG204,intersect_start
EPI_ISL_13058404,138459,138487,9,ATC,33.3,66.7,3,(ATC)9,27,I (probable IIb A.1),Republic_of_the_Congo,2003,197195,0,33.09,EPI_ISL_13058404,138085,139644,OPG153,IN
EPI_ISL_13058404,138488,138522,11,CAT,33.3,66.7,3,(CAT)11,33,I (probable IIb A.1),Republic_of_the_Congo,2003,197195,0,33.09,EPI_ISL_13058404,138085,139644,OPG153,IN
EPI_ISL_13058404,138528,138546,6,ATC,33.3,66.7,3,(ATC)6,18,I (probable IIb A.1),Republic_of_the_Congo,2003,197195,0,33.09,EPI_ISL_13058404,138085,139644,OPG153,IN
EPI_ISL_13058404,139343,139352,3,CAT,33.3,66.7,3,(CAT)3,9,I (probable IIb A.1),Republic_of_the_Congo,2003,197195,0,33.09,EPI_ISL_13058404,138085,139644,OPG153,IN
EPI_ISL_13058404,149429,149451,7,ATG,33.3,66.7,3,(ATG)7,21,I (probable IIb A.1),Republic_of_the_Congo,2003,197195,0,33.09,EPI_ISL_13058404,149442,150032,OPG172,intersect_start
EPI_ISL_13058404,169498,169675,29,GATACA,33.3,66.7,6,(GATACA)29,174,I (probable IIb A.1),Republic_of_the_Congo,2003,197195,0,33.09,EPI_ISL_13058404,169454,169555,OPG197,intersect_stop
EPI_ISL_13058404,169498,169675,29,GATACA,33.3,66.7,6,(GATACA)29,174,I (probable IIb A.1),Republic_of_the_Congo,2003,197195,0,33.09,EPI_ISL_13058404,169619,169873,OPG197,intersect_start
EPI_ISL_13058404,174392,174409,2,GATGAA,33.3,66.7,6,(GATGAA)2,12,I (probable IIb A.1),Republic_of_the_Congo,2003,197195,0,33.09,EPI_ISL_13058404,174394,175449,OPG204,intersect_start
EPI_ISL_13058404,177709,177730,3,ATCTCA,33.3,66.7,6,(ATCTCA)3,18,I (probable IIb A.1),Republic_of_the_Congo,2003,197195,0,33.09,EPI_ISL_13058404,175518,177887,OPG205,IN
EPI_ISL_13058405,172105,172140,5,CAGATA,33.3,66.7,6,(CAGATA)5,30,IIa (probable IIb B.1),Liberia,1970,200256,0,33.09,EPI_ISL_13058405,172054,172344,OPG197,IN
EPI_ISL_13058405,176854,176871,2,GATGAA,33.3,66.7,6,(GATGAA)2,12,IIa (probable IIb B.1),Liberia,1970,200256,0,33.09,EPI_ISL_13058405,176856,177911,OPG204,intersect_start
EPI_ISL_13058459,138798,138828,10,ATC,33.3,66.7,3,(ATC)10,30,I,Sudan,2005,206372,0,32.95,EPI_ISL_13058459,138424,139950,OPG153,IN
EPI_ISL_13058459,138834,138852,6,ATC,33.3,66.7,3,(ATC)6,18,I,Sudan,2005,206372,0,32.95,EPI_ISL_13058459,138424,139950,OPG153,IN
EPI_ISL_13058459,149723,149739,5,ATG,33.3,66.7,3,(ATG)5,15,I,Sudan,2005,206372,0,32.95,EPI_ISL_13058459,149730,150320,OPG172,intersect_start
EPI_ISL_13058459,169754,169835,13,GATACA,33.3,66.7,6,(GATACA)13,78,I,Sudan,2005,206372,0,32.95,EPI_ISL_13058459,169710,169811,OPG197,intersect_stop
EPI_ISL_13058459,174587,174604,2,GATGAA,33.3,66.7,6,(GATGAA)2,12,I,Sudan,2005,206372,0,32.95,EPI_ISL_13058459,174589,175644,OPG204,intersect_start
EPI_ISL_13058459,177904,177925,3,ATCTCA,33.3,66.7,6,(ATCTCA)3,18,I,Sudan,2005,206372,0,32.95,EPI_ISL_13058459,175713,178082,OPG205,IN
EPI_ISL_13058460,138235,138271,12,ATC,33.3,66.7,3,(ATC)12,36,I (probable IIb A.1),DRC,1985,196487,0,33.08,EPI_ISL_13058460,137861,139390,OPG153,IN
EPI_ISL_13058460,138277,138292,5,ATC,33.3,66.7,3,(ATC)5,15,I (probable IIb A.1),DRC,1985,196487,0,33.08,EPI_ISL_13058460,137861,139390,OPG153,IN
EPI_ISL_13058460,149177,149193,5,ATG,33.3,66.7,3,(ATG)5,15,I (probable IIb A.1),DRC,1985,196487,0,33.08,EPI_ISL_13058460,149184,149780,OPG172,intersect_start
EPI_ISL_13058460,169222,169297,12,GATACA,33.3,66.7,6,(GATACA)12,72,I (probable IIb A.1),DRC,1985,196487,0,33.08,EPI_ISL_13058460,169178,169279,OPG197,intersect_stop
EPI_ISL_13058460,174050,174067,2,GATGAA,33.3,66.7,6,(GATGAA)2,12,I (probable IIb A.1),DRC,1985,196487,0,33.08,EPI_ISL_13058460,174052,175107,OPG204,intersect_start
EPI_ISL_13058460,177367,177388,3,ATCTCA,33.3,66.7,6,(ATCTCA)3,18,I (probable IIb A.1),DRC,1985,196487,0,33.08,EPI_ISL_13058460,175176,177545,OPG205,IN
EPI_ISL_13058465,131977,132031,18,ATC,33.3,66.7,3,(ATC)18,54,I (probable IIb A.1),Central_African_Republic,2017,190167,0,33.02,EPI_ISL_13058465,131603,133150,OPG153,IN
EPI_ISL_13058465,132037,132052,5,ATC,33.3,66.7,3,(ATC)5,15,I (probable IIb A.1),Central_African_Republic,2017,190167,0,33.02,EPI_ISL_13058465,131603,133150,OPG153,IN
EPI_ISL_13058465,142925,142953,9,ATG,33.3,66.7,3,(ATG)9,27,I (probable IIb A.1),Central_African_Republic,2017,190167,0,33.02,EPI_ISL_13058465,142944,143534,OPG172,intersect_start
EPI_ISL_13058465,162979,163048,11,GATACA,33.3,66.7,6,(GATACA)11,66,I (probable IIb A.1),Central_African_Republic,2017,190167,0,33.02,EPI_ISL_13058465,162935,163246,OPG197,IN
EPI_ISL_13058465,167765,167782,2,GATGAA,33.3,66.7,6,(GATGAA)2,12,I (probable IIb A.1),Central_African_Republic,2017,190167,0,33.02,EPI_ISL_13058465,167767,168822,OPG204,intersect_start
EPI_ISL_13058465,171082,171097,2,ATCTCA,33.3,66.7,6,(ATCTCA)2,12,I (probable IIb A.1),Central_African_Republic,2017,190167,0,33.02,EPI_ISL_13058465,168891,171254,OPG205,IN
EPI_ISL_13058466,131972,132026,18,ATC,33.3,66.7,3,(ATC)18,54,I,Central_African_Republic,2017,190519,0,33.03,EPI_ISL_13058466,131598,133145,OPG153,IN
EPI_ISL_13058466,132032,132047,5,ATC,33.3,66.7,3,(ATC)5,15,I,Central_African_Republic,2017,190519,0,33.03,EPI_ISL_13058466,131598,133145,OPG153,IN
EPI_ISL_13058466,142920,142948,9,ATG,33.3,66.7,3,(ATG)9,27,I,Central_African_Republic,2017,190519,0,33.03,EPI_ISL_13058466,142939,143529,OPG172,intersect_start
EPI_ISL_13058466,162974,163043,11,GATACA,33.3,66.7,6,(GATACA)11,66,I,Central_African_Republic,2017,190519,0,33.03,EPI_ISL_13058466,162930,163241,OPG197,IN
EPI_ISL_13058466,167760,167777,2,GATGAA,33.3,66.7,6,(GATGAA)2,12,I,Central_African_Republic,2017,190519,0,33.03,EPI_ISL_13058466,167762,168817,OPG204,intersect_start
EPI_ISL_13058466,171077,171092,2,ATCTCA,33.3,66.7,6,(ATCTCA)2,12,I,Central_African_Republic,2017,190519,0,33.03,EPI_ISL_13058466,168886,171249,OPG205,IN
EPI_ISL_13058467,138117,138189,24,ATC,33.3,66.7,3,(ATC)24,72,I (probable IIb A.1),Central_African_Republic,2018,190357,0,33.01,EPI_ISL_13058467,137743,138159,OPG153,intersect_stop
EPI_ISL_13058467,138117,138189,24,ATC,33.3,66.7,3,(ATC)24,72,I (probable IIb A.1),Central_African_Republic,2018,190357,0,33.01,EPI_ISL_13058467,138148,139308,OPG153,intersect_start
EPI_ISL_13058467,138195,138210,5,ATC,33.3,66.7,3,(ATC)5,15,I (probable IIb A.1),Central_African_Republic,2018,190357,0,33.01,EPI_ISL_13058467,138148,139308,OPG153,IN
EPI_ISL_13058467,149083,149111,9,ATG,33.3,66.7,3,(ATG)9,27,I (probable IIb A.1),Central_African_Republic,2018,190357,0,33.01,EPI_ISL_13058467,149102,149692,OPG172,intersect_start
EPI_ISL_13058467,169138,169213,12,GATACA,33.3,66.7,6,(GATACA)12,72,I (probable IIb A.1),Central_African_Republic,2018,190357,0,33.01,EPI_ISL_13058467,169094,169411,OPG197,IN
EPI_ISL_13058467,173930,173947,2,GATGAA,33.3,66.7,6,(GATGAA)2,12,I (probable IIb A.1),Central_African_Republic,2018,190357,0,33.01,EPI_ISL_13058467,173932,174987,OPG204,intersect_start
EPI_ISL_13058467,177247,177262,2,ATCTCA,33.3,66.7,6,(ATCTCA)2,12,I (probable IIb A.1),Central_African_Republic,2018,190357,0,33.01,EPI_ISL_13058467,175056,177419,OPG205,IN
EPI_ISL_13058468,131485,131507,7,ATC,33.3,66.7,3,(ATC)7,21,I (probable IIb A.1),Central_African_Republic,2018,189841,0,33.03,EPI_ISL_13058468,131111,132664,OPG153,IN
EPI_ISL_13058468,131508,131545,12,CAT,33.3,66.7,3,(CAT)12,36,I (probable IIb A.1),Central_African_Republic,2018,189841,0,33.03,EPI_ISL_13058468,131111,132664,OPG153,IN
EPI_ISL_13058468,131551,131566,5,ATC,33.3,66.7,3,(ATC)5,15,I (probable IIb A.1),Central_African_Republic,2018,189841,0,33.03,EPI_ISL_13058468,131111,132664,OPG153,IN
EPI_ISL_13058468,132363,132372,3,CAT,33.3,66.7,3,(CAT)3,9,I (probable IIb A.1),Central_African_Republic,2018,189841,0,33.03,EPI_ISL_13058468,131111,132664,OPG153,IN
EPI_ISL_13058468,142458,142483,8,ATG,33.3,66.7,3,(ATG)8,24,I (probable IIb A.1),Central_African_Republic,2018,189841,0,33.03,EPI_ISL_13058468,142474,143064,OPG172,intersect_start
EPI_ISL_13058468,162508,162559,8,GATACA,33.3,66.7,6,(GATACA)8,48,I (probable IIb A.1),Central_African_Republic,2018,189841,0,33.03,EPI_ISL_13058468,162464,162757,OPG197,IN
EPI_ISL_13058468,167280,167303,3,GATGAA,33.3,66.7,6,(GATGAA)3,18,I (probable IIb A.1),Central_African_Republic,2018,189841,0,33.03,EPI_ISL_13058468,167288,168343,OPG204,intersect_start
EPI_ISL_13058468,170603,170624,3,ATCTCA,33.3,66.7,6,(ATCTCA)3,18,I (probable IIb A.1),Central_African_Republic,2018,189841,0,33.03,EPI_ISL_13058468,168412,170781,OPG205,IN
EPI_ISL_13058469,131485,131507,7,ATC,33.3,66.7,3,(ATC)7,21,I (probable IIb A.1),Central_African_Republic,2018,189838,0,33.03,EPI_ISL_13058469,131111,132661,OPG153,IN
EPI_ISL_13058469,131508,131542,11,CAT,33.3,66.7,3,(CAT)11,33,I (probable IIb A.1),Central_African_Republic,2018,189838,0,33.03,EPI_ISL_13058469,131111,132661,OPG153,IN
EPI_ISL_13058469,131548,131563,5,ATC,33.3,66.7,3,(ATC)5,15,I (probable IIb A.1),Central_African_Republic,2018,189838,0,33.03,EPI_ISL_13058469,131111,132661,OPG153,IN
EPI_ISL_13058469,132360,132369,3,CAT,33.3,66.7,3,(CAT)3,9,I (probable IIb A.1),Central_African_Republic,2018,189838,0,33.03,EPI_ISL_13058469,131111,132661,OPG153,IN
EPI_ISL_13058469,142455,142480,8,ATG,33.3,66.7,3,(ATG)8,24,I (probable IIb A.1),Central_African_Republic,2018,189838,0,33.03,EPI_ISL_13058469,142471,143061,OPG172,intersect_start
EPI_ISL_13058469,162505,162556,8,GATACA,33.3,66.7,6,(GATACA)8,48,I (probable IIb A.1),Central_African_Republic,2018,189838,0,33.03,EPI_ISL_13058469,162461,162754,OPG197,IN
EPI_ISL_13058469,167277,167300,3,GATGAA,33.3,66.7,6,(GATGAA)3,18,I (probable IIb A.1),Central_African_Republic,2018,189838,0,33.03,EPI_ISL_13058469,167285,168340,OPG204,intersect_start
EPI_ISL_13058469,170600,170621,3,ATCTCA,33.3,66.7,6,(ATCTCA)3,18,I (probable IIb A.1),Central_African_Republic,2018,189838,0,33.03,EPI_ISL_13058469,168409,170778,OPG205,IN
EPI_ISL_13058470,131983,132052,23,ATC,33.3,66.7,3,(ATC)23,69,I (probable IIb A.1),Central_African_Republic,2016,190270,0,33.02,EPI_ISL_13058470,131609,132025,OPG153,intersect_stop
EPI_ISL_13058470,131983,132052,23,ATC,33.3,66.7,3,(ATC)23,69,I (probable IIb A.1),Central_African_Republic,2016,190270,0,33.02,EPI_ISL_13058470,132011,133171,OPG153,intersect_start
EPI_ISL_13058470,132058,132073,5,ATC,33.3,66.7,3,(ATC)5,15,I (probable IIb A.1),Central_African_Republic,2016,190270,0,33.02,EPI_ISL_13058470,132011,133171,OPG153,IN
EPI_ISL_13058470,142960,142985,8,ATG,33.3,66.7,3,(ATG)8,24,I (probable IIb A.1),Central_African_Republic,2016,190270,0,33.02,EPI_ISL_13058470,142976,143566,OPG172,intersect_start
EPI_ISL_13058470,163012,163081,11,GATACA,33.3,66.7,6,(GATACA)11,66,I (probable IIb A.1),Central_African_Republic,2016,190270,0,33.02,EPI_ISL_13058470,162968,163279,OPG197,IN
EPI_ISL_13058470,167798,167815,2,GATGAA,33.3,66.7,6,(GATGAA)2,12,I (probable IIb A.1),Central_African_Republic,2016,190270,0,33.02,EPI_ISL_13058470,167800,168855,OPG204,intersect_start
EPI_ISL_13058470,171115,171130,2,ATCTCA,33.3,66.7,6,(ATCTCA)2,12,I (probable IIb A.1),Central_African_Republic,2016,190270,0,33.02,EPI_ISL_13058470,168924,171287,OPG205,IN
EPI_ISL_13058471,132006,132025,6,ATC,33.3,66.7,3,(ATC)6,18,I (probable IIb A.1),Central_African_Republic,2016,190264,0,33.02,EPI_ISL_13058471,131632,133185,OPG153,IN
EPI_ISL_13058471,132026,132066,13,CAT,33.3,66.7,3,(CAT)13,39,I (probable IIb A.1),Central_African_Republic,2016,190264,0,33.02,EPI_ISL_13058471,131632,133185,OPG153,IN
EPI_ISL_13058471,132072,132087,5,ATC,33.3,66.7,3,(ATC)5,15,I (probable IIb A.1),Central_African_Republic,2016,190264,0,33.02,EPI_ISL_13058471,131632,133185,OPG153,IN
EPI_ISL_13058471,132884,132893,3,CAT,33.3,66.7,3,(CAT)3,9,I (probable IIb A.1),Central_African_Republic,2016,190264,0,33.02,EPI_ISL_13058471,131632,133185,OPG153,IN
EPI_ISL_13058471,142953,142981,9,ATG,33.3,66.7,3,(ATG)9,27,I (probable IIb A.1),Central_African_Republic,2016,190264,0,33.02,EPI_ISL_13058471,142972,143562,OPG172,intersect_start
EPI_ISL_13058471,163029,163112,13,GATACA,33.3,66.7,6,(GATACA)13,78,I (probable IIb A.1),Central_African_Republic,2016,190264,0,33.02,EPI_ISL_13058471,162985,163086,OPG197,intersect_stop
EPI_ISL_13058471,163112,163189,12,CAGATA,33.3,66.7,6,(CAGATA)12,72,I (probable IIb A.1),Central_African_Republic,2016,190264,0,33.02,EPI_ISL_13058471,163133,163387,OPG197,intersect_start
EPI_ISL_13058471,167907,167924,2,GATGAA,33.3,66.7,6,(GATGAA)2,12,I (probable IIb A.1),Central_African_Republic,2016,190264,0,33.02,EPI_ISL_13058471,167909,168964,OPG204,intersect_start
EPI_ISL_13058471,171224,171245,3,ATCTCA,33.3,66.7,6,(ATCTCA)3,18,I (probable IIb A.1),Central_African_Republic,2016,190264,0,33.02,EPI_ISL_13058471,169033,171402,OPG205,IN
EPI_ISL_13058472,132022,132044,7,ATC,33.3,66.7,3,(ATC)7,21,I (probable IIb A.1),Central_African_Republic,2017,190413,0,33.02,EPI_ISL_13058472,131648,132064,OPG153,IN
EPI_ISL_13058472,132045,132094,16,CAT,33.3,66.7,3,(CAT)16,48,I (probable IIb A.1),Central_African_Republic,2017,190413,0,33.02,EPI_ISL_13058472,131648,132064,OPG153,intersect_stop
EPI_ISL_13058472,132045,132094,16,CAT,33.3,66.7,3,(CAT)16,48,I (probable IIb A.1),Central_African_Republic,2017,190413,0,33.02,EPI_ISL_13058472,132053,133213,OPG153,intersect_start
EPI_ISL_13058472,132100,132115,5,ATC,33.3,66.7,3,(ATC)5,15,I (probable IIb A.1),Central_African_Republic,2017,190413,0,33.02,EPI_ISL_13058472,132053,133213,OPG153,IN
EPI_ISL_13058472,132912,132921,3,CAT,33.3,66.7,3,(CAT)3,9,I (probable IIb A.1),Central_African_Republic,2017,190413,0,33.02,EPI_ISL_13058472,132053,133213,OPG153,IN
EPI_ISL_13058472,142993,143012,6,ATG,33.3,66.7,3,(ATG)6,18,I (probable IIb A.1),Central_African_Republic,2017,190413,0,33.02,EPI_ISL_13058472,143003,143593,OPG172,intersect_start
EPI_ISL_13058472,163060,163143,13,GATACA,33.3,66.7,6,(GATACA)13,78,I (probable IIb A.1),Central_African_Republic,2017,190413,0,33.02,EPI_ISL_13058472,163016,163117,OPG197,intersect_stop
EPI_ISL_13058472,163143,163220,12,CAGATA,33.3,66.7,6,(CAGATA)12,72,I (probable IIb A.1),Central_African_Republic,2017,190413,0,33.02,EPI_ISL_13058472,163164,163418,OPG197,intersect_start
EPI_ISL_13058472,167937,167954,2,GATGAA,33.3,66.7,6,(GATGAA)2,12,I (probable IIb A.1),Central_African_Republic,2017,190413,0,33.02,EPI_ISL_13058472,167939,168994,OPG204,intersect_start
EPI_ISL_13058472,171254,171275,3,ATCTCA,33.3,66.7,6,(ATCTCA)3,18,I (probable IIb A.1),Central_African_Republic,2017,190413,0,33.02,EPI_ISL_13058472,169063,171432,OPG205,IN
EPI_ISL_13058473,138158,138186,9,ATC,33.3,66.7,3,(ATC)9,27,I (probable IIb A.1),Central_African_Republic,2010,190244,0,33.02,EPI_ISL_13058473,137784,138200,OPG153,IN
EPI_ISL_13058473,138187,138227,13,CAT,33.3,66.7,3,(CAT)13,39,I (probable IIb A.1),Central_African_Republic,2010,190244,0,33.02,EPI_ISL_13058473,137784,138200,OPG153,intersect_stop
EPI_ISL_13058473,138187,138227,13,CAT,33.3,66.7,3,(CAT)13,39,I (probable IIb A.1),Central_African_Republic,2010,190244,0,33.02,EPI_ISL_13058473,138188,139346,OPG153,intersect_start
EPI_ISL_13058473,138233,138248,5,ATC,33.3,66.7,3,(ATC)5,15,I (probable IIb A.1),Central_African_Republic,2010,190244,0,33.02,EPI_ISL_13058473,138188,139346,OPG153,IN
EPI_ISL_13058473,139045,139054,3,CAT,33.3,66.7,3,(CAT)3,9,I (probable IIb A.1),Central_African_Republic,2010,190244,0,33.02,EPI_ISL_13058473,138188,139346,OPG153,IN
EPI_ISL_13058473,149131,149153,7,ATG,33.3,66.7,3,(ATG)7,21,I (probable IIb A.1),Central_African_Republic,2010,190244,0,33.02,EPI_ISL_13058473,149144,149734,OPG172,intersect_start
EPI_ISL_13058473,169196,169265,11,GATACA,33.3,66.7,6,(GATACA)11,66,I (probable IIb A.1),Central_African_Republic,2010,190244,0,33.02,EPI_ISL_13058473,169152,169463,OPG197,IN
EPI_ISL_13058473,173982,173999,2,GATGAA,33.3,66.7,6,(GATGAA)2,12,I (probable IIb A.1),Central_African_Republic,2010,190244,0,33.02,EPI_ISL_13058473,173984,175039,OPG204,intersect_start
EPI_ISL_13058473,177299,177314,2,ATCTCA,33.3,66.7,6,(ATCTCA)2,12,I (probable IIb A.1),Central_African_Republic,2010,190244,0,33.02,EPI_ISL_13058473,175108,177471,OPG205,IN
EPI_ISL_13058474,138158,138186,9,ATC,33.3,66.7,3,(ATC)9,27,I (probable IIb A.1),Central_African_Republic,2001,189632,0,33.03,EPI_ISL_13058474,137784,138200,OPG153,IN
EPI_ISL_13058474,138187,138227,13,CAT,33.3,66.7,3,(CAT)13,39,I (probable IIb A.1),Central_African_Republic,2001,189632,0,33.03,EPI_ISL_13058474,137784,138200,OPG153,intersect_stop
EPI_ISL_13058474,138187,138227,13,CAT,33.3,66.7,3,(CAT)13,39,I (probable IIb A.1),Central_African_Republic,2001,189632,0,33.03,EPI_ISL_13058474,138188,139346,OPG153,intersect_start
EPI_ISL_13058474,138233,138248,5,ATC,33.3,66.7,3,(ATC)5,15,I (probable IIb A.1),Central_African_Republic,2001,189632,0,33.03,EPI_ISL_13058474,138188,139346,OPG153,IN
EPI_ISL_13058474,139045,139054,3,CAT,33.3,66.7,3,(CAT)3,9,I (probable IIb A.1),Central_African_Republic,2001,189632,0,33.03,EPI_ISL_13058474,138188,139346,OPG153,IN
EPI_ISL_13058474,149131,149153,7,ATG,33.3,66.7,3,(ATG)7,21,I (probable IIb A.1),Central_African_Republic,2001,189632,0,33.03,EPI_ISL_13058474,149144,149734,OPG172,intersect_start
EPI_ISL_13058474,169196,169265,11,GATACA,33.3,66.7,6,(GATACA)11,66,I (probable IIb A.1),Central_African_Republic,2001,189632,0,33.03,EPI_ISL_13058474,169152,169463,OPG197,IN
EPI_ISL_13058474,173982,173999,2,GATGAA,33.3,66.7,6,(GATGAA)2,12,I (probable IIb A.1),Central_African_Republic,2001,189632,0,33.03,EPI_ISL_13058474,173984,175039,OPG204,intersect_start
EPI_ISL_13058474,177299,177314,2,ATCTCA,33.3,66.7,6,(ATCTCA)2,12,I (probable IIb A.1),Central_African_Republic,2001,189632,0,33.03,EPI_ISL_13058474,175108,177471,OPG205,IN
EPI_ISL_13100621,136567,136600,11,ATC,33.3,66.7,3,(ATC)11,33,IIb A.2,USA,2021,197265,0,33.01,EPI_ISL_13100621,136193,137713,OPG153,IN
EPI_ISL_13100621,136606,136615,3,ATC,33.3,66.7,3,(ATC)3,9,IIb A.2,USA,2021,197265,0,33.01,EPI_ISL_13100621,136193,137713,OPG153,IN
EPI_ISL_13339105,136522,136567,15,ATC,33.3,66.7,3,(ATC)15,45,IIb B.1.3,Spain,2022,197208,0,33.0,EPI_ISL_13339105,136148,137680,OPG153,IN
EPI_ISL_13339105,136573,136582,3,ATC,33.3,66.7,3,(ATC)3,9,IIb B.1.3,Spain,2022,197208,0,33.0,EPI_ISL_13339105,136148,137680,OPG153,IN
EPI_ISL_13409177,136499,136538,13,ATC,33.3,66.7,3,(ATC)13,39,IIb B.1.1,Scotland,2022,197131,0,33.01,EPI_ISL_13409177,136125,137651,OPG153,IN
EPI_ISL_13409177,136544,136553,3,ATC,33.3,66.7,3,(ATC)3,9,IIb B.1.1,Scotland,2022,197131,0,33.01,EPI_ISL_13409177,136125,137651,OPG153,IN
EPI_ISL_13409178,136499,136538,13,ATC,33.3,66.7,3,(ATC)13,39,IIb B.1,Scotland,2022,197131,0,33.01,EPI_ISL_13409178,136125,137651,OPG153,IN
EPI_ISL_13409178,136544,136553,3,ATC,33.3,66.7,3,(ATC)3,9,IIb B.1,Scotland,2022,197131,0,33.01,EPI_ISL_13409178,136125,137651,OPG153,IN
EPI_ISL_13409181,136499,136538,13,ATC,33.3,66.7,3,(ATC)13,39,IIb B.1,Scotland,2022,197131,0,33.01,EPI_ISL_13409181,136125,137651,OPG153,IN
EPI_ISL_13409181,136544,136553,3,ATC,33.3,66.7,3,(ATC)3,9,IIb B.1,Scotland,2022,197131,0,33.01,EPI_ISL_13409181,136125,137651,OPG153,IN
EPI_ISL_13817808,130390,130429,13,ATC,33.3,66.7,3,(ATC)13,39,IIb B.1,USA,2022,184955,0,32.85,EPI_ISL_13817808,130016,131542,OPG153,IN
EPI_ISL_13817808,130435,130444,3,ATC,33.3,66.7,3,(ATC)3,9,IIb B.1,USA,2022,184955,0,32.85,EPI_ISL_13817808,130016,131542,OPG153,IN
EPI_ISL_13890408,136623,136662,13,ATC,33.3,66.7,3,(ATC)13,39,IIb B.1,Germany,2022,197338,0,32.99,EPI_ISL_13890408,136249,137775,OPG153,IN
EPI_ISL_13890408,136668,136677,3,ATC,33.3,66.7,3,(ATC)3,9,IIb B.1,Germany,2022,197338,0,32.99,EPI_ISL_13890408,136249,137775,OPG153,IN
EPI_ISL_13953610,169637,169684,7,CAGATA,33.3,66.7,6,(CAGATA)7,42,IIb A.2,India,2022,197120,0,33.02,EPI_ISL_13953610,169580,169882,OPG197,IN
EPI_ISL_14049244,174513,174536,3,GATGAA,33.3,66.7,6,(GATGAA)3,18,IIb A.2,India,2022,197198,0,33.02,EPI_ISL_14049244,174521,175576,OPG204,intersect_start
EPI_ISL_14315317,169690,169737,7,CAGATA,33.3,66.7,6,(CAGATA)7,42,IIb B.1,USA,2022,197168,0,33.0,EPI_ISL_14315317,169639,169935,OPG197,IN
EPI_ISL_14562490,169690,169737,7,CAGATA,33.3,66.7,6,(CAGATA)7,42,IIb B.1,USA,2022,197168,0,33.0,EPI_ISL_14562490,169639,169935,OPG197,IN
EPI_ISL_14624411,136091,136139,16,ATC,33.3,66.7,3,(ATC)16,48,IIb B.1.1,Brazil,2022,196349,0,33.01,EPI_ISL_14624411,135717,137252,OPG153,IN
EPI_ISL_14624411,136145,136154,3,ATC,33.3,66.7,3,(ATC)3,9,IIb B.1.1,Brazil,2022,196349,0,33.01,EPI_ISL_14624411,135717,137252,OPG153,IN
EPI_ISL_14752288,136532,136562,10,ATC,33.3,66.7,3,(ATC)10,30,IIb A.2,United_Kingdom,2022,197196,0,33.01,EPI_ISL_14752288,136158,137675,OPG153,IN
EPI_ISL_14752288,136568,136577,3,ATC,33.3,66.7,3,(ATC)3,9,IIb A.2,United_Kingdom,2022,197196,0,33.01,EPI_ISL_14752288,136158,137675,OPG153,IN
EPI_ISL_14818813,136499,136544,15,ATC,33.3,66.7,3,(ATC)15,45,IIb B.1.6,Peru,2022,197196,0,33.0,EPI_ISL_14818813,136125,137657,OPG153,IN
EPI_ISL_14818813,136550,136559,3,ATC,33.3,66.7,3,(ATC)3,9,IIb B.1.6,Peru,2022,197196,0,33.0,EPI_ISL_14818813,136125,137657,OPG153,IN
